data_released,source,p_value,slope,conf_low,conf_high,conf_level,intercept,r_squared,sigma,trend_method,n,note,s,var_s,tau,z,alternative,trend_likelihood,period_start,period_end
2020,NIWA 7 Station,6.352562032380971e-13,0.01022411372411372,0.00776819782914038,0.01268002961908705,0.95,-0.7101990171990163,0.3791877644551217,0.4230012192576117,Linear model,111,NA,NA,NA,NA,NA,NA,NA,1909,2019
2020,"NASA GISTEMP v4",1.6369061245130798e-31,0.01258169533169533,0.01109172219706482,0.01407166846632584,0.95,-0.6009713349713351,0.7153423781190464,0.2566294936645756,Linear model,111,NA,NA,NA,NA,NA,NA,NA,1909,2019
2020,KNMI CRUTEM.4.6.0.0,1.1175951190751992e-30,0.011082877250702,0.00973754846977915,0.01242820603162484,0.95,-0.4305764124357084,0.7051679456045444,0.23171628792235063,Linear model,111,NA,NA,NA,NA,NA,NA,NA,1909,2019
2020,NOAA GHCN-M,2.1933806109061933e-31,0.00980019305019304,0.00863526319701479,0.01096512290337129,0.95,-0.5541891891891888,0.7138152789390185,0.2006447978339019,Linear model,111,NA,NA,NA,NA,NA,NA,NA,1909,2019
2020,NIWA 7 Station,1.7275063717371708e-12,NA,NA,NA,NA,NA,NA,NA,Mann-Kendall,111,NA,2731,153948.33333333334,0.44844142594894143,6.957851433083695,greater,Very likely increasing,1909,2019
2020,"NASA GISTEMP v4",1.6166803460383292e-24,NA,NA,NA,NA,NA,NA,NA,Mann-Kendall,111,NA,3984,153916,0.6553228137347359,10.15239302961428,greater,Very likely increasing,1909,2019
2020,KNMI CRUTEM.4.6.0.0,1.2073179333148754e-24,NA,NA,NA,NA,NA,NA,NA,Mann-Kendall,111,NA,3996,153980.66666666666,0.6545990684583548,10.18084172618945,greater,Very likely increasing,1909,2019
2020,NOAA GHCN-M,6.986078919311477e-25,NA,NA,NA,NA,NA,NA,NA,Mann-Kendall,111,NA,4016,153916.66666666666,0.6606955935363902,10.233936665053216,greater,Very likely increasing,1909,2019
